Temperatura ambiente TG ValueY;Temperatura Bulbo Humedo ValueY;Presion Atmosferica ValueY;Potencia TG ValueY
8,256652832;7,399995327;971,7592529;14352,59482
8,211803436;7,399995327;970,6481445;14329,39971
8,122108459;7,299995422;971,0185059;14369,86719
7,628761292;6,899995804;971,1111084;14382,69805
7,673610687;6,999995708;970,555542;14366,90625
7,583911896;6,899995804;969,8148071;14377,76318
7,494213104;6,799995899;969,9074097;14368,38662
7,942710876;7,199995518;970,7407227;14375,78896
7,449363708;6,799995899;970,7407471;14399,971
7,673610687;6,999995708;970,4629639;14381,21787
7,404514313;6,699995995;969,722229;14404,4127
7,045715332;6,399996281;968,5185303;14426,62021
7,449363708;6,699995995;969,722229;14401,94482
7,494213104;6,799995899;970,3703735;14390,59414
7,628761292;6,899995804;971,5740479;14411,32129
7,942710876;7,199995518;970,6481201;14377,26963
8,839698792;7,999994755;972,6851685;14352,10117
9,153644562;8,399995804;972,0370117;14318,04922
10,54397964;9,5;972,7777588;14206,51689
11,171875;9,700000763;974,6296387;14207,99756
11,171875;9,600000381;973,333313;14186,77676
11,44097137;9,900001526;974,166687;14207,01045
11,39612198;9,900001526;974,1666504;14180,36143
11,93431854;10,20000267;974,1666748;14153,21875
11,93431854;10,40000343;974,7222412;14135,45273
12,65190887;10,80000496;974,8147949;14140,3874
12,87615585;11,20000648;975,4629395;14096,95938
13,36950302;11,40000725;974,722229;14066,85547
13,86284637;11,80000877;974,4444458;14038,72549
13,41435242;11,70000839;974,7222534;14044,64727
13,86284637;12,10000992;975;14016,02412
14,31134415;12,50001144;975,3703857;14024,90723
14,58044052;12,60001183;974,1666748;13991,34922
14,31134415;12,60001183;974,9073853;13926,20674
14,49074173;12,80001259;975,4629639;13933,60918
15,02893448;13,10001373;974,4444458;13981,47891
14,98408508;13,00001335;974,7222412;13961,73887
14,71498871;12,90001297;975,0000244;13990,85557
14,13194275;12,60001183;974,8148193;14004,18027
13,72829819;12,50001144;974,5370483;13998,75146
13,14525604;12,10000992;973,9814697;14037,73828
12,29311371;11,40000725;974,2592407;14098,43955
11,71006775;10,90000534;974,1666504;14097,94639
11,44097137;10,70000458;973,4259033;14131,50469
11,71006775;10,90000534;974,0740845;14130,02373
11,62036896;10,70000458;973,8889038;14122,62168
10,67853165;10,00000191;973,7036865;14180,36143
10,49913025;9,900001526;974,1666382;14165,0627
10,94762802;10,30000305;972,6851685;14118,17998
10,45428085;9,700000763;972,4999878;14197,14063
10,23003387;9,5;972,6851685;14214,41309
10,09548569;9,5;971,2036621;14180,85488
10,0057869;9,299999237;972,1295898;14162,10137
11,1270256;10,40000343;971,3888672;14087,08926
10,76823044;10,20000267;970,6481567;14108,80342
10,72338104;9,900001526;971,9444214;14115,21885
10,72338104;10,10000229;971,3888672;14115,21895
11,30642319;10,70000458;971,1111206;14061,92061
11,75491714;11,1000061;971,2037109;14035,271
11,48582077;10,80000496;970,2777588;14044,1541
10,67853165;10,00000191;969,6296387;14106,829
9,467594147;8,999998093;969,6296387;14197,63408
9,512443542;9,099998474;970,0925659;14194,1793
9,06394577;8,699996948;970,5555664;14221,32227
9,422744751;8,999998093;969,2592407;14175,42627
8,615451813;8,299995422;969,3518555;14227,73779
8,525753021;8,299995422;969,4444336;14207,01045
9,108795166;8,999998093;970,2777588;14202,07549
9,781539917;9,600000381;971,7592407;14144,33564
9,557292938;9,399999619;970,4629639;14139,89395
10,05063629;9,900001526;971,7592529;14096,46572
10,27488327;10,10000229;970,9259155;14107,32295
10,54397964;10,30000305;970,5555298;14083,14092
10,94762802;10,70000458;970,8333252;14078,20605
11,57551956;11,20000648;970,4629395;14034,28398
12,11371613;11,60000801;970,4629761;13981,4793
13,86284637;12,50001144;973,5185059;13958,28447
16,10532379;13,60001564;974,0740601;13863,53154
16,0604744;13,70001602;972,9629272;13806,28506
17,09201431;14,10001755;972,2222412;13788,51855
17,40596008;13,70001602;972,6851685;13791,97344
17,80960464;13,70001602;972,3148071;13799,86943
19,42419052;14,00001717;972,6851685;13852,67441
19,91753387;13,3000145;973,8888672;13951,86875
17,45080948;12,30001068;971,2962769;13949,40156
14,67013931;12,30001068;968,8889038;13916,82998
12,4276619;10,80000496;970,3703735;14058,95908
11,93431854;10,6000042;969,3518433;14083,63477
10,85792923;9,600000381;969,8148193;14156,17969
10,72338104;9,099998474;968,9814941;14200,59531
10,67853165;8,79999733;968,7037476;14228,23135
11,62036896;8,399995804;968,9814941;14228,7248
9,019096375;7,799994946;967,6852173;14269,68584
8,794849396;7,299995422;968,7963135;14328,90645
9,826389313;7,699995041;968,7036987;14291,4002
8,480903625;6,999995708;967,5926025;14346,1791
8,166954041;6,799995899;966,8518677;14371,84121
8,929397583;7,299995422;967,3148071;14276,10137
8,436050415;7,099995613;965,0000122;14263,76396
8,705150604;7,099995613;965,3703735;14234,15342
8,794849396;7,199995518;966,2962891;14219,34824
9,512443542;7,699995041;965,277771;14245,5041
8,032409668;6,799995899;964,9074219;14308,67256
8,794849396;7,599995136;963,3333496;14262,2834
8,570602417;7,499995232;965,3703735;14281,52988
7,763309479;6,999995708;963,2407715;14301,76357
8,122108459;7,399995327;963,9815063;14253,4
8,211803436;7,299995422;964,0740845;14279,0626
7,583911896;6,899995804;963,7962646;14303,7377
7,628761292;6,799995899;962,9630127;14298,30908
8,032409668;6,999995708;966,3889038;14295,8415
7,673610687;6,799995899;964,5370483;14278,07559
7,897861481;6,899995804;965,1852051;14276,59502
8,884548187;7,599995136;966,3888672;14264,25723
11,08217621;9,299999237;967,8704102;14113,24482
13,68344879;11,00000572;966,7592773;14005,16699
15,02893448;11,20000648;969,2592407;13968,15459
15,20833206;11,30000687;966,8518799;13914,85586
15,79137802;12,00000954;967,7778076;13862,05107
16,15017319;11,60000801;968,7036865;13867,47959
16,23987198;11,00000572;969,1666748;13902,51816
16,68836975;10,70000458;966,7592651;13895,11592
17,1817131;12,50001144;966,0185181;13805,7916
17,1817131;13,00001335;968,0555542;13756,44121
16,91261673;12,90001297;967,7777832;13688,83086
16,68836975;13,50001526;967,4074341;13696,72715
15,11863327;12,90001297;964,0740967;13730,77881
14,40104294;12,50001144;961,6666626;13791,97324
14,8495369;12,60001183;963,0555542;13758,41523
14,71498871;12,90001297;964,5370483;13769,76563
14,49074173;13,00001335;962,9629639;13740,64863
13,81799698;12,50001144;963,0555664;13806,28486
13,19010544;12,2000103;960,7407227;13813,6877
13,05555725;12,30001068;962,3147949;13808,25908
13,14525604;12,30001068;962,6851563;13831,45381
13,68344879;12,60001183;963,4259277;13816,64854
13,77314758;12,60001183;963,6110962;13821,09014
14,35619354;12,90001297;962,8703613;13809,24619
14,40104294;12,80001259;962,6851685;13805,29814
14,44589233;12,90001297;963,2407104;13785,06445
14,13194275;12,70001221;960,1851807;13812,20674
14,71498871;12,80001259;960,277771;13799,37617
14,93923569;12,70001221;960,1851563;13736,20732
13,59375;12,40001106;959,6296021;13773,22021
14,53559113;12,70001221;959,1666748;13737,68789
13,99739456;12,50001144;959,5370361;13723,86992
13,5489006;12,40001106;959,1666504;13751,50586
13,59375;12,2000103;958,5185059;13758,90869
14,26649475;12,50001144;957,9629395;13762,85635
14,31134415;12,30001068;956,388916;13758,41484
14,35619354;12,50001144;956,2036865;13768,77881
14,40104294;12,2000103;954,6296387;13781,60996
13,99739456;12,2000103;955,9259155;13755,94795
14,53559113;12,60001183;953,7037354;13698,20762
14,8046875;12,50001144;951,7592773;13718,44131
14,58044052;12,60001183;951,944458;13686,85664
11,44097137;10,80000496;955,1852051;13825,53154
10,99247742;10,50000381;954,3518799;13860,57051
10,67853165;10,00000191;955,7407593;13864,51875
10,94762802;10,10000229;955;13871,92129
11,71006775;10,50000381;954,4444336;13909,9209
11,30642319;10,00000191;954,4444458;13956,31055
10,99247742;9,600000381;954,7222412;13936,56992
11,171875;9,700000763;956,3889038;13914,85586
10,72338104;9,399999619;957,1296021;13934,10244
10,63368225;9,700000763;957,4999756;13972,59609
10,76823044;9,700000763;957,9629517;13949,40146
11,171875;9,399999619;957,7777832;13962,23252
11,97916794;9,600000381;957,5925537;13920,28408
12,3828125;10,00000191;958,5185059;13899,55752
12,60705948;9,099998474;958,7036987;13952,85566
12,60705948;9,099998474;958,1481201;13939,0377
13,10040665;9,800001144;961,5740601;13906,4666
12,02401733;9,399999619;957,5925537;13912,38818
12,56221008;9,399999619;959,7222168;13909,9207
12,74160767;9,299999237;959,1666504;13931,63525
12,60705948;9,099998474;959,2592407;13966,18037
12,4276619;9,299999237;960,1851807;13962,72607
12,3828125;9,199998856;961,111084;14015,53076
12,29311371;9,299999237;959,7221924;14011,08906
10,23003387;8,899997711;960,3703491;14053,03721
10,72338104;9,299999237;960,8333374;14058,95947
10,45428085;9,299999237;959,1666626;14064,88135
10,67853165;8,999998093;961,111084;14050,57002
11,03732681;9,299999237;961,6666504;14046,62168
10,49913025;9,199998856;960,1851929;14044,64756
10,27488327;9,099998474;961,2963135;14040,20576
10,40943146;9,099998474;961,4814941;14047,11523
9,602142334;8,399995804;962,6852173;14133,97188
9,691841125;8,199995041;962,1296143;14162,10166
9,512443542;8,299995422;962,1296509;14170,98486
8,211803436;7,299995422;963,7036987;14226,25723
7,942710876;7,099995613;959,9073975;14247,47803
7,942710876;6,999995708;961,6666626;14289,42598
8,032409668;6,999995708;960,2777588;14280,04951
8,256652832;7,199995518;962,6851563;14253,89365
7,942710876;6,899995804;961,7592773;14288,43896
7,494213104;6,59999609;962,1296509;14294,36133
7,673610687;6,899995804;960,3703613;14270,67266
7,5390625;6,699995995;961,2963013;14289,91943
7,987560272;6,899995804;962,5926025;14251,42607
7,180263519;6,399996281;961,6666748;14325,94531
6,956016541;5,999996662;961,2962769;14358,5166
6,552371979;5,799996853;961,7592529;14370,36074
6,148727417;5,499997139;963,888916;14375,2958
5,924476624;5,29999733;963,7963135;14399,9707
5,745079041;5,09999752;963,1481812;14453,76299
5,745079041;5,09999752;961,4814941;14430,56836
6,193576813;5,599997044;964,0740967;14391,0875
6,956016541;6,299996376;965,3703857;14349,6335
8,480903625;7,499995232;966,4814697;14257,34824
9,602142334;8,299995422;966,8518677;14207,01055
10,05063629;8,399995804;967,592627;14155,19238
10,54397964;8,599996567;966,8518677;14176,90693
10,81307983;8,599996567;968,0555664;14145,81611
11,39612198;8,699996948;966,8518677;14133,97207
12,15856552;8,999998093;968,3333496;14110,77744
12,29311371;8,899997711;967,222229;14091,53076
12,96585464;9,099998474;966,7592529;14089,55664
13,50405121;9,600000381;967,6851563;14037,24502
13,77314758;9,600000381;969,6296143;14063,89443
13,5489006;9,600000381;966,3889282;14045,63447
13,50405121;9,5;967,5925781;14027,86836
13,90769577;9,800001144;969,4444214;14033,29707
13,45920181;9,800001144;968,4259155;14050,07627
13,27980423;9,700000763;967,5926025;14053,53066
14,8046875;10,50000381;968,5185425;14044,1542
14,22164536;10,20000267;967,6851563;14042,67344
13,05555725;10,20000267;965,3703979;14042,67363
11,79977036;9,900001526;966,8518433;14091,03721
10,05063629;8,79999733;965,7407593;14150,25781
9,736690521;8,499996185;966,3889038;14186,2834
9,467594147;8,199995041;965,7407593;14197,63379
9,288192749;7,999994755;963,5185425;14222,30918
9,019096375;7,799994946;966,8518677;14240,56885
8,570602417;7,499995232;965,0925903;14254,3873
9,243343353;7,799994946;963,888916;14247,47803
9,198493958;7,799994946;965,9259155;14246,49092
9,153644562;7,699995041;966,3888916;14270,67275
8,705150604;7,399995327;966,2037109;14292,88066
8,301502228;7,199995518;964,8148315;14291,89375
8,615451813;7,399995327;963,1481445;14253,3999
8,480903625;7,299995422;963,888916;14242,54287
8,884548187;7,599995136;964,3518677;14211,45205
9,826389313;8,099994659;963,9815063;14201,08867
9,557292938;8,099994659;964,2592773;14171,97158
10,54397964;8,699996948;965,7407471;14156,17949
11,35127258;8,999998093;965,1851807;14139,89404
10,36458206;8,699996948;963,1481567;14139,40059
10,05063629;8,399995804;964,166687;14193,19248
11,71006775;9,5;964,3518799;14101,89414
12,3379631;9,600000381;965,3703735;14094,98506
11,93431854;9,399999619;964,722229;14089,06309
12,69675827;9,700000763;966,2963013;14115,21875
12,69675827;9,900001526;964,6296509;14048,5958
12,78645706;9,900001526;963,2407715;14086,5958
12,78645706;10,10000229;965,5555786;14073,76426
12,87615585;9,900001526;966,4814819;14075,73848
13,59375;10,6000042;968,333313;14042,18008
15,16348267;11,40000725;967,7777954;14003,19326
15,88107681;11,30000687;968,333313;13990,36201
15,92592621;12,00000954;969,9999756;13940,51826
16,32957077;11,80000877;969,3518555;13939,0376
16,95746613;12,30001068;969,7222168;13906,4667
16,19502258;12,10000992;968,8889038;13881,29766
16,10532379;12,40001106;967,7777954;13821,58379
15,56713104;12,10000992;968,7962891;13853,16768
16,37442017;12,60001183;969,0740845;13855,1418
16,86776733;12,90001297;967,5000366;13858,59629
15,52228165;12,90001297;968,1481567;13858,10322
15,20833206;13,3000145;966,8518555;13850,20703
14,22164536;13,3000145;967,3148438;13806,28516
14,08709335;13,60001564;966,5740601;13762,85664
13,72829819;13,3000145;967,6851929;13763,84336
13,72829819;13,40001488;968,7963013;13758,41494
13,72829819;13,40001488;968,2407349;13795,92139
13,90769577;13,50001526;968,4259521;13803,32402
14,04224396;13,50001526;968,6111328;13807,76533
14,13194275;13,50001526;968,1481934;13848,23311
13,81799698;13,10001373;968,9814697;13828,49248
13,45920181;12,90001297;970,1851563;13851,6875
13,6385994;13,00001335;969,9074097;13868,95967
13,50405121;12,90001297;970,0925659;13898,57021
12,56221008;12,00000954;971,111084;13947,42764
12,20341492;11,70000839;969,907373;13971,11563
11,75491714;11,1000061;969,1666748;14030,33633
12,02401733;11,40000725;970,1851807;14039,21875
11,79977036;11,20000648;969,7222168;13991,84248
11,2167244;10,6000042;968,2407837;14062,41387
11,08217621;10,50000381;967,592627;14042,67354
10,27488327;9,600000381;968,2407715;14135,45254
9,602142334;9,099998474;968,1481689;14166,04951
9,467594147;8,899997711;967,1296387;14174,93252
9,288192749;8,699996948;967,0370605;14183,81602
10,14033508;9,5;968,7963135;14126,56953
10,58883286;10,00000191;968,8888916;14087,08916
10,67853165;9,900001526;966,8518677;14093,01084
10,76823044;10,10000229;966,7592651;14088,07607
10,72338104;10,10000229;966,9444458;14032,30977
10,94762802;10,30000305;966,944458;14037,73838
11,171875;10,50000381;966,7592773;14020,95947
11,57551956;10,90000534;965,7407349;13998,75186
12,47251129;11,40000725;967,8703613;13981,97246
12,51736069;11,40000725;968,6111328;13979,01162
11,88946915;11,1000061;968,7962769;13990,85557
12,29311371;11,60000801;969,6296143;13936,57002
13,95254517;12,70001221;968,2407227;13892,15479
14,62528992;13,3000145;969,4444458;13823,55771
16,32957077;13,8000164;971,2962646;13791,47998
18,03385544;14,50001907;970;13713,9999
17,67505646;14,20001793;971,0184937;13705,61016
19,96238327;15,70002365;970,2777588;13620,23379
19,78298569;15,40002251;969,9999878;13594,07803
18,75144577;14,80002022;969,4444214;13597,53252
17,58535767;14,30001831;967,9630005;13628,62324
16,55381775;14,30001831;966,8518433;13637,9999
16,46411896;14,60001945;967,1296021;13628,62344
16,0604744;14,70001984;964,8148071;13636,02588
15,43258286;14,70001984;966,6666992;13625,6623
14,8495369;14,40001869;964,9074341;13665,63623
14,44589233;14,00001717;962,7777588;13672,54512
14,49074173;14,00001717;966,0184937;13665,63623
13,5489006;13,10001373;964,6296387;13757,92188
12,92100525;12,50001144;964,3518677;13817,14219
12,65190887;12,2000103;965,4629761;13856,129
13,36950302;12,90001297;965,1852051;13856,62246
13,77314758;12,80001259;966,3889282;13800,85635
13,50405121;12,30001068;965;13855,63555
13,86284637;12,50001144;966,5740845;13847,73936
13,86284637;12,40001106;966,7592651;13891,66162
14,08709335;12,50001144;967,1296265;13841,32383
14,35619354;12,60001183;967,9629639;13811,22021
13,99739456;12,50001144;967,0370483;13809,2459
12,74160767;11,90000916;967,4999756;13866,98623
11,35127258;10,10000229;967,4074097;14082,154
10,36458206;8,899997711;967,5;14162,59521
21,21817017;17,10002899;977,3148193;13476,62363
20,72482681;17,20002937;977,0370483;13503,7665
20,67997742;17,20002937;976,2963135;13499,81865
19,37934113;16,30002594;976,0185425;13594,07773
19,96238327;16,80002785;976,8518799;13519,06514
19,6932869;16,80002785;975,7407715;13551,14307
19,55873871;16,70002747;975,5555908;13555,58467
19,51388931;16,60002708;974,6296631;13556,57168
17,94415665;16,0000248;974,5370361;13614,31162
17,76475525;15,80002403;973,3333374;13627,63652
17,40596008;15,70002365;972,9629517;13629,11689
17,09201431;15,50002289;973,1481079;13643,42822
17,09201431;15,40002251;972,1296143;13642,93516
16,77806854;15,40002251;972,5925659;13640,96074
17,2714119;15,70002365;973,7036743;13632,57139
17,1817131;15,70002365;973,1481445;13634,05195
17,40596008;15,60002327;973,1481201;13669,09092
17,63020706;15,70002365;974,8148193;13645,40254
18,88599396;16,40002632;974,0740601;13524,9874
20,32118225;16,90002823;975,4629639;13465,27334
21,35271835;17,20002937;975,2777832;13388,28643
22,38425827;17,40003014;976,6666748;13336,46846
22,65335464;18,10003281;977,1296265;13277,24795
22,96730423;18,00003242;978,3333374;13283,66357
23,72974396;18,40003395;978,2407349;13225,92354
23,95399475;18,50003433;979,2593018;13244,67666
24,5370369;18,50003433;979,3518677;13206,67686
25,47887802;18,80003548;978,4259155;13169,66416
26,01707077;19,00003624;974,9074097;13122,2875
26,68981552;19,30003738;977,5926025;13106,00176
27,81105423;19,10003662;977,3148315;13166,20938
26,42071915;18,7000351;976,8518677;13131,17041
26,24131775;18,40003395;976,3888794;13128,70303
26,46556854;18,50003433;975,7407471;13121,79385
26,9589119;18,7000351;972,4073975;13096,13164
27,04861069;18,60003471;976,6666748;13079,84619
27,04861069;18,60003471;975,7407349;13081,32666
27,58680725;18,90003586;975,1851563;13085,2748
27,27285767;19,10003662;974,9999878;13066,52158
26,28616714;18,90003586;971,9444092;13090,70322
25,03038025;18,90003586;970,2777466;13141,04092
24,08854294;18,40003395;970,1851685;13161,76797
24,22309113;18,50003433;972,3148071;13217,04053
23,3260994;18,20003319;972,9629517;13273,79316
22,16001129;17,80003166;972,5925781;13317,22207
21,71151733;17,70003128;971,6666382;13329,06582
21,53211975;17,6000309;971,6666626;13355,22178
21,39756775;17,6000309;972,7777832;13363,61152
20,45573044;17,30002975;973,8888916;13394,70215
20,09693146;17,00002861;970,7407104;13427,7667
19,78298569;16,70002747;971,1110962;13479,09141
19,6035881;16,80002785;970,7407349;13444,05234
19,06539536;16,40002632;969,6296265;13476,13018
18,88599396;16,40002632;970,7407349;13513,63662
17,49565887;15,80002403;971,2962769;13525,48076
17,85445786;16,10002518;970,6481323;13518,07822
17,49565887;15,80002403;968,9814819;13556,57168
17,63020706;15,90002441;969,5370483;13547,68877
16,55381775;15,20002174;967,9629761;13598,02607
16,41926956;15,20002174;968,7037354;13552,62354
16,32957077;15,10002136;967,5926025;13573,35059
16,10532379;15,10002136;968,1481445;13581,74033
16,10532379;14,9000206;969,9999878;13577,79248
16,10532379;14,9000206;969,5370361;13605,42861
15,83622742;14,70001984;969,1666748;13616,28564
15,88107681;14,70001984;968,5185181;13628,12979
16,68836975;15,30002213;969,3518677;13596,54551
19,19994354;16,90002823;970,555542;13466,75371
20,859375;17,70003128;970,6480957;13337,45547
22,20486069;18,00003242;971,7592407;13318,70225
22,47395706;17,90003204;973,5184937;13271,81924
22,92245483;18,10003281;975,277771;13207,66377
23,81944275;18,20003319;976,2963013;13203,71582
25,16493225;18,60003471;976,4814697;13166,70293
25,38917923;18,30003357;974,8147949;13126,23555
25,7479744;18,7000351;973,7036865;13107,97578
26,64496613;19,10003662;973,6111084;13050,23584
26,82436371;19,00003624;974,1666382;13049,24902
28,79774475;19,40003777;973,7036621;12994,46982
28,48379517;19,00003624;974,1666504;13009,76855
28,43894577;18,80003548;974,5370239;13067,5085
29,60503387;19,00003624;972,4999756;12977,19697
29,3807869;19,00003624;974,5370239;13011,74258
29,24623871;18,80003548;973,7036621;13005,82051
28,93229294;18,50003433;972,0369995;13008,28809
29,2910881;18,80003548;972,8703247;12991,01504
28,79774475;18,7000351;973,2407349;13049,24893
27,63165665;18,30003357;970,6481323;13077,87197
26,60011673;18,00003242;969,6295898;13134,6249
25,29948044;17,80003166;972,3148071;13211,11885
23,37094879;17,40003014;971,1111084;13310,80645
24,26794052;17,50003052;971,3888916;13268,36465
23,01215363;17,10002899;971,1111084;13375,45557
22,33940887;17,00002861;971,1110718;13349,2998
21,98061371;16,90002823;971,3888672;13375,94932
21,35271835;16,70002747;971,6666382;13397,16973
21,21817017;16,90002823;970,5555176;13372,00107
20,9042244;16,70002747;968,7036865;13408,52021
20,45573044;16,60002708;972,1296265;13412,96191
19,82783508;16,40002632;969,5370239;13443,55908
19,82783508;16,20002556;970,7407349;13450,46807
19,78298569;15,80002403;970,3703491;13500,31201
19,33449173;16,10002518;971,0185059;13482,05234
18,30295181;15,60002327;969,3518677;13536,33779
18,07870483;15,60002327;970,4629517;13516,1041
17,80960464;15,40002251;970,0926025;13531,40293
17,85445786;15,50002289;969,9999512;13530,41592
17,1817131;15,10002136;967,0370483;13588,15605
17,40596008;15,30002213;969,3518188;13538,80547
16,91261673;15,10002136;970,833313;13585,68848
17,04716492;15,20002174;970,277771;13574,3377
17,00231552;15,10002136;969,444458;13588,15596
17,1817131;15,20002174;970,3703491;13617,76611
17,49565887;15,40002251;970,8333252;13552,13018
17,63020706;15,50002289;971,5740356;13510,18223
19,82783508;16,70002747;973,8888916;13471,19541
21,53211975;17,40003014;973,7963013;13385,32549
21,53211975;17,6000309;974,1666504;13318,70244
22,78790665;18,10003281;974,8147827;13224,44297
23,2364006;17,80003166;975,7407471;13262,93633
24,17824173;17,70003128;976,2037354;13231,84541
24,85098267;18,00003242;975,8333374;13207,66377
25,12008286;18,20003319;977,4074219;13173,61201
26,51041794;18,80003548;976,6666626;13146,96279
26,60011673;18,90003586;973,7962769;13067,5085
27,31770706;19,30003738;976,388916;13030,98916
28,43894577;19,40003777;977,9629761;13177,56025
28,125;19,10003662;976,0185425;13038,3917
28,84259415;19,00003624;975,8333496;13077,87197
28,61834335;18,7000351;976,9444702;13042,33975
29,2910881;18,80003548;977,3148438;13069,97607
29,2910881;18,20003319;975,8333252;13073,92393
29,3359375;18,60003471;976,4815308;13039,37871
29,47048569;18,60003471;976,2963257;13068,00234
28,66319275;18,30003357;973,9814575;13085,27461
27,27285767;17,90003204;975,3703735;13131,1707
26,42071915;17,6000309;974,2592529;13214,57324
26,19646835;17,6000309;973,888855;13315,24766
23,90914536;17,20002937;973,1481567;13419,8708
22,92245483;16,80002785;973,333313;13425,79287
22,38425827;16,5000267;971,9444336;13481,55889
22,65335464;16,60002708;972,4073975;13488,46797
23,59519577;17,20002937;973,8888672;13436,15645
23,50549698;17,10002899;974,4444214;13435,16934
22,1151619;16,60002708;974,2592773;13493,40283
20,63512802;16,10002518;972,7777588;13559,03906
20,14178085;15,90002441;973,7962891;13551,63682
19,87268448;15,70002365;973,2407227;13607,40273
19,15509415;15,40002251;972,4999878;13593,58457
19,19994354;15,40002251;972,1296021;13579,76621
19,42419052;15,30002213;972,6851929;13611,35078
18,66174698;15,10002136;972,2221924;13664,15576
18,21325302;15,00002098;971,6666382;13639,97393
17,76475525;14,80002022;970,833313;13659,22061
18,03385544;15,00002098;971,1110962;13630,10371
17,54050827;14,80002022;970,6481201;13638,98682
17,45080948;14,9000206;971,2036865;13645,89609
17,45080948;15,00002098;971,3888428;13635,03906
17,45080948;15,20002174;969,8147827;13632,07813
17,94415665;15,60002327;971,2036865;13640,96094
18,03385544;15,70002365;971,0185059;13591,1167
18,30295181;15,70002365;971,2036987;13635,03906
19,11024475;16,30002594;971,7592407;13536,33789
20,23147964;16,80002785;973,1481445;13446,02656
22,74305725;17,40003014;973,7037354;13415,4292
22,78790665;17,40003014;974,6296265;13361,14414
23,37094879;17,50003052;974,9073975;13326,10498
23,86429214;17,80003166;976,3888916;13308,33867
24,04369354;17,80003166;976,9444458;13287,61152
25,07522964;17,90003204;975,3703857;13267,87139
25,52372742;18,00003242;977,6851929;13241,71592
26,46556854;18,7000351;977,0370483;13165,71611
26,8692131;18,20003319;973,1481079;13170,65088
27,76620483;18,10003281;976,5740845;13187,43018
27,99045181;17,70003128;975,3703857;13194,33945
28,48379517;18,40003395;975,9259399;13128,70293
28,57349396;18,7000351;976,1111206;13107,97578
29,2910881;18,50003433;974,166687;13112,91084
29,11169052;18,30003357;975,9259399;13106,00195
29,2910881;18,30003357;973,9814697;13133,63828
28,97714233;17,90003204;974,3518433;13157,82012
29,51533508;18,20003319;975,555542;13153,37842
29,3807869;17,80003166;974,5370239;13193,846
28,0801506;17,40003014;972,407373;13228,88467
26,73466492;17,6000309;970,7407104;13306,36484
24,13339233;17,10002899;972,9629272;13382,85801
23,68489456;16,40002632;973,3332886;13441,58506
22,51880646;16,0000248;971,8518433;13514,62354
21,89091492;15,60002327;972,4074219;13478,10439
21,89091492;15,40002251;971,9444458;13565,45469
22,33940887;15,40002251;974,8147949;13539,29912
22,78790665;16,80002785;972,8703491;13410,49414
22,47395706;16,5000267;971,6666626;13436,65
21,53211975;16,80002785;974,1666748;13438,13037
20,32118225;16,10002518;971,111084;13544,23408
18,93084335;15,20002174;972,4999634;13642,4416
18,66174698;14,9000206;972,1296021;13662,6749
17,58535767;14,60001945;970,7407227;13675,0127
17,09201431;14,40001869;971,6666626;13684,38945
17,2265625;14,60001945;970,2777832;13685,86992
16,82291794;14,60001945;970,0925415;13670,57129
16,91261673;14,20001793;971,0185059;13730,28525
16,50896835;13,90001678;970,555542;13710,54512
18,25810242;13,60001564;969,2592529;13728,31104
16,91261673;13,60001564;970,3703369;13740,64893
16,77806854;12,80001259;969,7222046;13783,58379
15,70167923;11,50000763;970,277771;13928,18076
15,25318146;10,70000458;968,2407593;13977,03779
13,99739456;10,10000229;969,5370361;14046,62178
15,25318146;10,00000191;968,9814941;14029,84268
15,83622742;10,80000496;971,111084;13981,4793
17,76475525;11,80000877;973,3333374;13881,29746
19,51388931;12,80001259;973,5185181;13751,50596
21,66666794;12,2000103;975,4629761;13767,29795
23,77459335;12,40001106;975,8333252;13703,14277
24,67158508;12,90001297;977,6851807;13688,83105
26,15161896;13,10001373;980,3703613;13660,70117
26,9140625;12,30001068;979,5370728;13652,80498
27,81105423;13,3000145;980,2777954;13571,37656
27,99045181;14,10001755;979,2592651;13494,39004
29,02199173;13,60001564;977,1296631;13531,89639
29,47048569;13,40001488;978,3333496;13578,28574
29,73958206;13,60001564;977,314856;13538,31201
29,51533508;13,40001488;976,5740967;13529,92227
31,08506775;14,00001717;977,8703857;13567,42861
30,68142319;13,50001526;977,3148315;13577,79209
30,45717621;13,10001373;977,592627;13573,35049
30,90567017;12,90001297;978,2407593;13607,40215
30,95051956;13,00001335;977,1296631;13599,01299
31,8026619;13,40001488;978,0555786;13593,09053
31,62326431;13,3000145;976,5740845;13602,96074
31,21961975;13,50001526;976,5740967;13642,4415
23,59519577;12,2000103;974,3518188;13714,98672
21,39756775;11,20000648;974,7222412;13841,32344
20,36603165;10,00000191;972,9629517;13923,73936
21,30786896;10,50000381;972,8703369;13875,86904
19,87268448;11,20000648;975,0925903;13878,33652
20,27633286;13,70001602;973,4259277;13671,55811
19,42419052;11,80000877;974,9074219;13849,21982
19,6484375;14,70001984;973,2407104;13664,15576
18,61689758;12,60001183;975;13817,63535
18,25810242;12,80001259;972,5925781;13843,29775
17,89930725;11,00000572;974,4444458;13916,82998
17,40596008;13,40001488;974,7222168;13774,20723
16,41926956;12,70001221;974,2592529;13859,5834
16,95746613;13,90001678;974,4444336;13755,45391
16,68836975;13,70001602;973,4259155;13787,03818
16,86776733;13,70001602;972,8703613;13788,51865
16,15017319;13,50001526;973,7036865;13810,72646
16,77806854;13,8000164;973,055542;13778,15527
15,70167923;13,20001411;972,3147949;13814,18145
14,8046875;12,60001183;971,944397;13842,31084
14,58044052;12,50001144;973,0555298;13864,0249
14,35619354;12,40001106;972,0369995;13890,18057
14,17679214;12,2000103;970,3703491;13921,27119
13,90769577;12,00000954;972,3148071;13938,05059
13,99739456;11,90000916;973,5184814;13965,68711
15,34288025;12,30001068;970,7407349;13916,82979
16,55381775;12,90001297;973,333313;13825,03799
17,58535767;13,60001564;974,3518555;13750,02539
19,19994354;14,40001869;976,2963135;13661,19473
20,45573044;15,00002098;976,8518677;13595,5584
21,75636673;15,50002289;976,0185181;13532,8833
22,51880646;15,70002365;976,2036865;13491,92256
23,3260994;15,90002441;979,6296265;13497,35088
24,94068146;16,0000248;980,0926147;13496,36406
25,52372742;15,20002174;981,0185059;13499,325
26,10676956;15,10002136;980,0926147;13485,01328
28,1698494;15,70002365;974,6296143;13398,6502
27,40740585;15,20002174;980,1852295;13432,70195
28,70804214;15,90002441;978,0555542;13328,57246
28,0801506;15,30002213;979,7222168;13399,14375
29,02199173;15,80002403;976,0185303;13386,80596
28,79774475;15,70002365;977,6851929;13369,03994
28,48379517;17,20002937;975,9259399;13263,92334
28,34924698;17,30002975;977,777771;13246,65078
27,76620483;17,00002861;977,4074463;13236,2873
27,58680725;16,70002747;975,4629517;13282,18281
26,82436371;16,10002518;974,7221924;13373,48135
25,47887802;15,40002251;973,7036987;13455,40313
24,26794052;14,70001984;974,9074219;13546,70156
24,31278992;14,9000206;974,8147949;13606,41543
23,77459335;14,70001984;976,3888916;13623,68828
23,10185242;14,70001984;975,7407715;13635,03887
21,48727036;14,10001755;975,2777832;13702,15537
20,32118225;13,90001678;974,9074219;13688,3376
20,8145256;14,20001793;974,2592285;13661,19463
19,6484375;13,90001678;973,9814819;13710,05186
18,84114456;13,50001526;974,0740967;13780,62246
18,3926506;13,00001335;973,7036865;13813,6876
17,04716492;12,40001106;974,2592407;13852,18105
17,58535767;12,50001144;974,7222412;13807,76553
17,13686371;12,00000954;973,3333374;13875,86895
17,67505646;11,80000877;972,2221802;13872,90811
17,1817131;11,70000839;972,7777466;13827,0123
15,74652863;10,80000496;971,0185181;13819,60947
15,83622742;10,6000042;970,1851807;13850,70049
15,61198044;10,90000534;971,2962769;13803,81738
15,29803085;10,6000042;971,6666382;13821,58369
15,29803085;10,40000343;971,1111084;13811,22002
14,89438629;10,40000343;971,8518433;13861,55732
14,13194275;10,20000267;971,0184937;13870,93398
14,62528992;10,40000343;969,3518433;13864,51865
14,49074173;10,40000343;971,2036865;13860,07695
16,19502258;11,1000061;971,5740234;13946,44023
14,8495369;10,50000381;971,388855;13996,77754
15,9707756;11,20000648;972,0369995;13928,18027
18,25810242;12,70001221;972,6851685;13799,86924
21,03877258;13,40001488;975,0000122;13701,66191
21,80121613;13,8000164;976,1111084;13626,64932
23,37094879;14,50001907;977,6852051;13537,81846
24,13339233;15,20002174;976,8518799;13448,49395
24,76128387;15,40002251;979,3518677;13422,33818
25,29948044;15,60002327;978,4259399;13388,77998
25,703125;15,70002365;978,7963013;13378,41641
26,64496613;15,90002441;977,5;13327,58535
27,85590363;16,0000248;976,2037109;13307,35166
28,39409637;16,0000248;977,3148315;13267,37783
28,61834335;16,0000248;976,2037109;13285,6377
28,39409637;15,20002174;976,666687;13310,31279
29,3359375;15,40002251;978,7963135;13325,11797
29,3359375;15,30002213;977,4074463;13310,3127
29,06684113;15,20002174;976,7592651;13311,29961
28,61834335;15,70002365;974,1666504;13281,68945
28,21469879;15,70002365;975,7407349;13262,44297
28,30439758;15,80002403;974,5369873;13283,17002
27,45225525;15,40002251;972,5926025;13311,2998
26,19646835;14,9000206;973,5184937;13387,79297
25,03038025;14,60001945;973,611084;13442,07842
25,34432983;14,70001984;973,4259277;13493,89648
24,5370369;14,80002022;974,7222046;13491,42881
21,17332077;13,40001488;972,5925781;13670,07764
19,91753387;12,90001297;973,5184814;13723,87012
19,24479294;12,60001183;973,1481567;13750,02549
19,02054214;12,50001144;970,4629517;13764,83057
18,34780121;12,30001068;972,5925903;13774,70068